NewID,OriginalID#,Word,Curse_Quality,Concreteness,Frequency,Valence,Arousal,Dominance,Body_Other,Receptacle_Other,Vehicle_Other,Animate_Not,Dwelling_Not,Profession_Not,Animal_Other,Manufactured_Other,N_Lett,N_Syll,N_Phones,OrthDensity,NClustersPerSyll,NStopsPerSyllable,NClosedSyllPerSyll
361,760,sack,5.367816092,599,12.92,5.11,4.24,5,0,1,0,0,0,0,0,1,4,1,3,20,0,1,1
451,942,trash,5.103448276,593,22.47,2.74,3.66,4.24,0,1,0,0,0,0,0,1,5,1,4,5,1,1,1
314,672,pig,5.091954023,609,39.14,4.83,3.68,5.04,0,0,0,1,0,0,1,0,3,1,3,19,0,2,1
353,748,rod,5,612,10.73,4.95,3.05,5.19,0,0,0,0,0,0,0,1,3,1,3,20,0,1,1
271,581,mouth,4.908045977,576,104.41,5.59,4.14,6,1,1,0,0,0,0,0,0,5,1,3,5,0,0,1
263,569,monkey,4.862068966,606,33.51,5.82,5.15,5.74,0,0,0,1,0,0,1,0,6,2,5,3,0.5,0.5,0.5
446,932,tool,4.850574713,623,10.75,5.07,3.91,5.98,0,0,0,0,0,0,0,1,4,1,3,11,0,1,1
342,730,rat,4.793103448,606,32.61,3.21,5.9,3.35,0,0,0,1,0,0,1,0,3,1,3,33,0,1,1
410,868,stick,4.793103448,584,97.12,5.27,3.81,5.82,0,0,0,0,0,0,0,0,5,1,4,10,1,2,1
255,547,meat,4.75862069,627,43.65,6.62,4.3,5.58,0,0,0,0,0,0,0,0,4,1,3,18,0,1,1
400,847,sperm,4.666666667,576,6.24,5.47,4.86,4.43,1,0,0,1,0,0,0,0,5,1,4,1,1,1,1
389,822,skull,4.574712644,596,14.71,3.63,4.98,4.19,1,0,0,0,0,0,0,0,5,1,4,2,1,1,1
321,690,pole,4.528735632,612,12.59,5.6,3.05,4.59,0,0,0,0,0,0,0,1,4,1,3,21,0,1,1
7,20,ape,4.482758621,618,9.67,5.21,4.25,5.38,0,0,0,1,0,0,1,0,3,1,2,15,0,1,1
177,363,garbage,4.436781609,580,26.1,2.88,3.84,5.15,0,0,0,0,0,0,0,1,7,2,6,1,0,1.5,1
138,279,dog,4.413793103,565,192.84,7,5.43,5.73,0,0,0,1,0,0,1,0,3,1,3,20,0,2,1
124,243,cow,4.367816092,592,25.51,5.42,2.95,5.24,0,0,0,1,0,0,1,0,3,1,2,29,0,1,0
62,126,bucket,4.356321839,645,10.02,4.55,2.96,5.52,0,1,0,0,0,0,0,1,6,2,5,2,0,1.5,0.5
45,98,bone,4.333333333,606,26.06,5.24,4.75,6,1,0,0,0,0,0,0,0,4,1,3,23,0,1,1
442,927,toilet,4.310344828,633,28.9,3.71,4.5,6.37,0,1,0,0,0,0,0,1,6,2,5,1,0,1,0.5
352,747,rocket,4.287356322,576,11.84,5.8,5.04,5.57,0,1,1,0,0,0,0,1,6,2,5,8,0,1,0.5
126,249,cream,4.264367816,627,48.71,6.56,3.8,6.11,0,0,0,0,0,0,0,1,5,1,4,6,1,1,1
391,831,snake,4.264367816,613,22.35,4.03,7.24,3.65,0,0,0,1,0,0,1,0,5,1,4,5,1,1,1
51,107,box,4.252873563,600,89.75,5.33,2.67,4.67,0,1,0,0,0,0,0,1,3,1,4,16,1,2,1
274,587,mule,4.229885057,607,7.02,4.26,2.78,4.5,0,0,0,1,0,0,1,0,4,1,4,8,0,0,1
312,670,pie,4.229885057,590,28.75,6.45,4.05,6.29,0,0,0,0,0,0,0,1,3,1,2,21,0,1,0
203,433,horse,4.206896552,562,92.88,6.05,4.16,5.71,0,0,0,1,0,0,1,0,5,1,3,12,1,0,1
367,773,sauce,4.172413793,615,15.59,6.58,3.95,5.85,0,0,0,0,0,0,0,1,5,1,3,3,0,0,1
472,996,whale,4.103448276,617,11.25,5.81,4.2,5.57,0,0,0,1,0,0,1,0,5,1,3,5,0,0,1
185,381,gorilla,4.103448276,591,5.55,4.26,4.95,4.88,0,0,0,1,0,0,1,0,7,3,5,1,0,0.33,0
421,887,swamp,4.103448276,621,8.98,4.42,3.33,4.12,0,0,0,0,0,0,0,0,5,1,5,6,2,1,1
445,931,tongue,4.045977011,630,31.16,6.29,4.25,6.32,1,0,0,0,0,0,0,0,6,1,3,1,1,1,1
139,280,doll,4.022988506,600,24.76,5.88,3.51,5.66,0,0,0,0,0,0,0,1,4,1,3,13,0,1,1
449,937,toy,4.022988506,576,16.84,7.29,4.29,5.61,0,0,0,0,0,0,0,1,3,1,2,25,0,1,0
183,377,goat,4.022988506,587,10.53,5.3,2.94,5.17,0,0,0,1,0,0,1,0,4,1,3,11,0,2,1
455,953,tube,4.022988506,626,16.43,5.53,3.14,4.68,0,0,0,0,0,0,0,1,4,1,4,8,0,2,1
475,1001,whip,4.011494253,565,13.16,3.6,5.1,4.43,0,0,0,0,0,0,0,1,4,1,3,7,0,1,1
241,519,lip,4,583,10.75,6.38,4.6,5.95,1,0,0,0,0,0,0,0,3,1,3,24,0,1,1
485,1019,worm,3.977011494,564,10.12,4.86,3.5,5.22,0,0,0,1,0,0,1,0,4,1,3,9,1,0,1
135,274,dirt,3.965517241,587,25.69,4.5,3.44,4.7,0,0,0,0,0,0,0,0,4,1,3,6,1,2,1
331,706,princess,3.873563218,597,39.59,7.64,5.42,5.74,0,0,0,1,0,0,0,1,8,2,7,1,0.5,0.5,1
125,245,crab,3.873563218,597,6.9,5.81,4.13,4.52,0,0,0,1,0,0,1,0,4,1,4,11,1,2,1
299,642,panties,3.83908046,574,8.12,6.38,5.65,4.95,0,0,0,0,0,0,0,1,7,2,4,3,0,1,1
327,698,pork,3.83908046,569,10.53,5,3.8,5.85,0,0,0,0,0,0,0,0,4,1,3,12,1,2,1
219,469,juice,3.827586207,596,26.88,6.9,4.6,5.74,0,0,0,0,0,0,0,0,5,1,2,3,0,1,1
425,894,tail,3.827586207,599,23.9,5.3,3.27,5.32,0,0,0,0,0,0,0,0,4,1,3,18,0,1,1
14,36,baby,3.816091954,587,509.37,6.67,4.97,4.94,0,0,0,1,0,0,0,0,4,2,4,4,0,1,0
17,43,banana,3.804597701,654,10.73,6.71,3.21,6.05,0,0,0,0,0,0,0,0,6,3,6,1,0,0.33,0
193,402,hand,3.781609195,561,279.65,5.9,3.98,5.88,1,0,0,0,0,0,0,0,4,1,4,15,1,1,1
324,694,pony,3.75862069,600,8.1,6.71,4.29,5.9,0,0,0,1,0,0,1,0,4,2,4,7,0,0.5,0
72,145,camel,3.747126437,574,5.02,5.29,3.1,5.21,0,0,0,1,0,0,1,0,5,2,5,4,0,0.5,0.5
93,185,cheese,3.747126437,609,39.04,6.81,3.8,7.11,0,0,0,0,0,0,0,1,6,1,-,2,0,1,1
296,631,package,3.735632184,597,22.78,5.17,4.73,5.17,0,1,0,0,0,0,0,1,7,2,5,2,0,1.5,0.5
24,62,bean,3.67816092,608,6.84,6,2.95,5.6,0,0,0,0,0,0,0,0,4,1,3,16,0,1,1
3,16,animal,3.67816092,566,45.49,7.06,4.3,5.72,0,0,0,1,0,0,1,0,6,3,6,1,0,0,0.67
217,464,jelly,3.67816092,587,7.12,5.9,3.63,5.68,0,0,0,0,0,0,0,1,5,2,4,4,0,0.5,0
484,1016,wood,3.666666667,560,27,5.82,3.5,6.37,0,0,0,0,0,0,0,0,4,1,3,10,0,1,1
280,598,needle,3.666666667,565,11.92,3.97,4.36,5.12,0,0,0,0,0,0,0,1,6,2,4,1,0,0.5,0.5
376,797,sheep,3.643678161,603,13.43,5.32,2.95,4.42,0,0,0,1,0,0,1,0,5,1,3,6,0,1,1
86,173,cave,3.609195402,595,13.98,5.15,4.39,4.45,0,1,0,0,1,0,0,0,4,1,3,22,0,1,1
260,560,missile,3.609195402,560,13.14,2.85,5.67,4.2,0,0,0,0,0,0,0,1,7,2,5,1,0,0,0.5
300,643,pants,3.597701149,595,58.75,5.62,3.8,6.29,0,0,0,0,0,0,0,1,5,1,4,11,1,2,1
21,54,basket,3.574712644,595,13.18,5.66,2.48,5.3,0,1,0,0,0,0,0,1,6,2,6,3,0,1.5,1
158,326,fire,3.563218391,634,215.49,4.32,6.05,4.57,0,0,0,0,0,0,0,0,4,2,3,21,0,0.5,0.5
79,154,cannon,3.551724138,640,8.71,4.74,5.09,4.95,0,1,0,0,0,0,0,1,6,2,5,5,0,0.5,0.5
433,912,throat,3.551724138,564,36.02,4.76,4.2,5.84,1,0,0,0,0,0,0,0,6,1,4,2,1,1,1
144,293,duck,3.551724138,576,24.76,6.11,4,5.3,0,0,0,1,0,0,1,0,4,1,3,18,0,2,1
44,96,body,3.528735632,585,195.53,5.95,4.62,5.76,1,0,0,1,0,0,0,0,4,2,4,4,0,1,0
160,329,fish,3.528735632,561,83.49,6.42,3.33,6.08,0,0,0,1,0,0,1,0,4,1,3,5,0,0,1
273,585,mud,3.528735632,634,14.82,5.06,3.19,4.27,0,0,0,0,0,0,0,0,3,1,3,10,0,1,1
333,710,pudding,3.528735632,639,6.16,6.72,3.8,5.46,0,0,0,0,0,0,0,1,7,2,5,2,0,1,0.5
224,486,lady,3.517241379,586,217.08,6.91,4.05,5.87,0,0,0,1,0,0,0,0,4,2,4,6,0,0.5,0
248,530,machine,3.517241379,575,70.25,5,4.39,4.8,0,0,0,0,0,0,0,1,7,2,5,1,0,0,0.5
149,306,elephant,3.505747126,600,11.37,6.17,4.23,4.23,0,0,0,1,0,0,1,0,8,3,7,1,0.33,0.33,0.33
374,792,seed,3.505747126,623,7.57,6.38,3.68,5.19,0,0,0,0,0,0,0,0,4,1,3,24,0,1,1
59,118,brick,3.494252874,597,10.18,4.65,2.53,5,0,0,0,0,0,0,0,1,5,1,4,9,1,2,1
58,117,breast,3.494252874,615,8.96,6.64,5.39,5,1,0,0,0,0,0,0,0,6,1,5,3,2,2,1
450,940,train,3.471264368,569,95.06,6.36,4.05,5.72,0,1,1,0,0,0,0,1,5,1,4,10,1,1,1
74,148,canal,3.448275862,589,6.39,5.71,4.05,5.81,0,0,0,0,0,0,0,1,5,2,5,3,0,0.5,0.5
66,135,butter,3.448275862,602,20.43,6.36,3.37,5.67,0,0,0,0,0,0,0,1,6,2,4,14,0,1,0.5
162,332,flame,3.436781609,624,9.04,5.9,6.6,4.64,0,0,0,0,0,0,0,0,5,1,4,7,1,0,1
94,186,cherry,3.425287356,629,13.59,7.05,4.91,5.63,0,0,0,0,0,0,0,0,6,2,6,2,0,0.5,0
47,100,boot,3.402298851,600,11.14,5.3,3.95,6.24,0,1,0,0,0,0,0,1,4,1,3,22,0,2,1
387,820,skin,3.390804598,611,44.04,5.78,3.25,5,1,0,0,0,0,0,0,0,4,1,4,11,1,1,1
439,922,toad,3.390804598,586,5.69,6,3.62,4.84,0,0,0,1,0,0,1,0,4,1,3,6,0,2,1
77,152,candy,3.390804598,573,35.78,7.27,5.03,6.46,0,0,0,0,0,0,0,1,5,2,5,7,0,1,0.5
359,757,rug,3.379310345,565,10.41,5,3.24,5.68,0,0,0,0,0,0,0,1,3,1,3,18,0,1,1
375,794,shark,3.379310345,623,14.98,4.02,5.27,4.87,0,0,0,1,0,0,1,0,5,1,4,9,1,1,1
152,311,eye,3.367816092,608,111.78,6.18,3.95,5.72,1,0,0,0,0,0,0,0,3,1,1,9,0,0,0
188,390,gravy,3.367816092,580,5.27,6.21,3.85,5.87,0,0,0,0,0,0,0,1,5,2,5,2,0.5,0.5,0
394,835,sock,3.356321839,584,8.98,4.43,3.09,5.14,0,1,0,0,0,0,0,1,4,1,3,17,0,1,1
487,1026,zoo,3.356321839,618,13.65,7,5.63,6.33,0,0,0,0,1,0,0,1,3,1,2,12,0,0,0
192,400,hammer,3.356321839,627,12.47,5.17,4.56,5.59,0,0,0,0,0,0,0,1,6,2,4,4,0,0,0.5
418,881,sugar,3.344827586,617,37.76,6.56,5.29,6.32,0,0,0,0,0,0,0,0,5,2,4,1,0,0.5,0.5
265,572,moose,3.344827586,576,5.53,6.71,4.85,4.97,0,0,0,1,0,0,1,0,5,1,3,8,0,0,1
163,336,flesh,3.333333333,611,22.06,5.2,4.11,5.29,1,0,0,0,0,0,0,0,5,1,4,4,1,0,1
332,707,prison,3.333333333,573,66.04,1.94,5.1,3.54,0,0,0,0,1,0,0,1,6,2,5,2,0.5,0.5,0.5
316,674,pill,3.310344828,580,11.82,4.16,3.73,4.88,0,0,0,0,0,0,0,1,4,1,3,19,0,1,1
173,356,fruit,3.310344828,576,21.73,7,4.09,6.12,0,0,0,0,0,0,0,0,5,1,4,2,1,1,1
422,888,sweat,3.287356322,580,21.86,4.38,5.1,4.69,1,0,0,0,0,0,0,0,5,1,4,7,1,1,1
26,64,beard,3.287356322,574,12.61,5.09,3.18,5.42,1,0,0,0,0,0,0,0,5,1,4,7,1,2,1
71,143,cake,3.275862069,602,45.06,7.58,5.33,5.88,0,0,0,0,0,0,0,1,4,1,3,19,0,2,1
37,84,bird,3.264367816,590,45.45,6.75,3.83,5.88,0,0,0,1,0,0,1,0,4,1,3,5,1,2,1
25,63,bear,3.264367816,583,57.41,5.33,4.5,3.59,0,0,0,1,0,0,1,0,4,1,2,23,0,1,1
117,232,cookie,3.264367816,593,16.71,7.32,4.7,6.1,0,0,0,0,0,0,0,1,6,2,4,4,0,1,0
41,91,blood,3.24137931,565,186.12,3.48,5.76,3.94,1,0,0,0,0,0,0,0,5,1,4,6,1,2,1
119,238,corpse,3.24137931,596,10.1,2.45,4.89,3.23,1,0,0,0,0,0,0,0,6,1,4,2,1,2,1
409,867,stew,3.229885057,589,6.43,5.86,2.95,5.36,0,0,0,0,0,0,0,1,4,1,4,6,1,1,0
362,761,saddle,3.206896552,604,7.82,4.95,3.1,5.25,0,0,0,0,0,0,0,1,6,2,4,4,0,0.5,0.5
283,606,nose,3.195402299,565,69.75,5.5,3.1,4.61,1,0,0,0,0,0,0,0,4,1,3,17,0,0,1
153,314,factory,3.183908046,572,16.8,4.95,3,5.09,0,0,0,0,0,0,0,1,7,3,7,2,0,0.67,0
97,192,chin,3.183908046,595,12.69,5.07,3.84,5.48,1,0,0,0,0,0,0,0,4,1,5,15,0,1,1
189,392,gun,3.16091954,600,213.2,3.66,7.74,4.71,0,1,0,0,0,0,0,1,3,1,3,18,0,1,1
214,459,jail,3.16091954,608,70.63,1.91,4.47,3.91,0,1,0,0,1,0,0,1,4,1,3,13,0,1,1
27,67,bed,3.16091954,607,187.12,7.16,3,6.73,0,0,0,0,0,0,0,1,3,1,3,23,0,2,1
441,926,toe,3.149425287,585,12.69,5.24,3.1,5.1,1,0,0,0,0,0,0,0,3,1,2,29,0,1,0
363,763,salad,3.149425287,618,17.02,6.35,3.78,6.11,0,0,0,0,0,0,0,1,5,2,5,1,0,0.5,0.5
329,702,potato,3.137931034,636,11.29,6.4,2.38,5.46,0,0,0,0,0,0,0,0,6,3,6,0,0,1,0
171,352,fox,3.126436782,597,21.61,5.52,4.36,5.5,0,0,0,1,0,0,1,0,3,1,4,13,1,1,1
470,992,wax,3.126436782,627,9.04,4.68,3.64,6.2,0,0,0,0,0,0,0,0,3,1,4,13,1,1,1
174,358,fur,3.126436782,567,8.27,5.65,3.64,6.11,0,0,0,0,0,0,0,0,3,1,2,9,0,0,1
207,440,human,3.114942529,564,124.76,6.45,3.62,5.71,0,0,0,1,0,0,0,0,5,2,6,2,0,0,0.5
456,957,turtle,3.114942529,608,17.04,6.16,2.52,5.82,0,0,0,1,0,0,1,0,6,2,4,1,0,1,1
92,184,cheek,3.114942529,597,7.16,5.9,3.47,5.38,1,0,0,0,0,0,0,0,5,1,4,5,0,2,1
216,462,jaw,3.103448276,621,7.14,4.41,4.09,5.84,1,0,0,0,0,0,0,0,3,1,4,15,0,1,0
477,1004,whistle,3.103448276,560,15.45,5.7,3.94,5.78,0,0,0,0,0,0,0,1,7,2,4,5,0,0,0.5
16,42,balloon,3.08045977,575,8.67,6.84,3.9,5.45,0,0,0,0,0,0,0,1,7,2,5,1,0,0.5,0.5
454,950,truck,3.08045977,561,72.86,5.16,3.76,5.43,0,1,1,0,0,0,0,1,5,1,4,7,1,2,1
32,76,belly,3.08045977,603,15.57,4.37,3.75,4.96,1,1,0,0,0,0,0,0,5,2,4,11,0,0.5,0
65,130,bullet,3.068965517,630,38.24,3.45,5.89,3.93,0,0,0,0,0,0,0,1,6,2,3,4,0,1,0.5
434,913,thumb,3.045977011,592,11.82,5.62,3.84,5.79,1,0,0,0,0,0,0,0,5,1,3,2,0,0,1
19,50,barn,3.045977011,561,13.59,6.16,3.57,5.65,0,0,0,0,1,0,0,1,4,1,3,18,1,1,1
84,168,cat,3.045977011,588,66.33,6.95,4.5,5.48,0,0,0,1,0,0,1,0,3,1,3,33,0,2,1
270,580,mouse,3.045977011,580,19.12,4.8,3.38,4.29,0,0,0,1,0,0,1,0,5,1,3,9,0,0,1
90,179,chain,3.045977011,570,21.22,4.79,4.05,4.2,0,0,0,0,0,0,0,1,5,1,4,8,0,1,1
170,351,fountain,3.034482759,611,6.9,6.26,3.1,5.9,0,0,0,0,0,0,0,0,8,2,4,2,0.5,0.5,1
356,751,rope,3.034482759,636,22.71,5.05,4.58,5.62,0,0,0,0,0,0,0,1,4,1,3,19,0,1,1
50,106,bowl,3.022988506,580,21.45,5.67,3.21,5.58,0,1,0,0,0,0,0,1,4,1,3,9,0,1,1
423,889,sword,3.022988506,594,26.18,5.27,5.95,6,0,0,0,0,0,0,0,1,5,1,4,4,1,1,1
112,223,cocktail,3.011494253,595,10.88,6.95,5.6,5.86,0,0,0,0,0,0,0,1,8,2,6,1,0,1.5,1
403,857,squirrel,3,622,5.47,5.71,4.48,5.62,0,0,0,1,0,0,1,0,8,2,6,1,0.5,0.5,0.5
402,855,spoon,3,569,7.61,5.9,3.79,5.18,0,1,0,0,0,0,0,1,5,1,4,6,1,1,1
278,596,neck,3,579,59.51,5.44,3.65,5.17,1,0,0,0,0,0,0,0,4,1,3,7,0,1,1
303,650,peach,2.988505747,584,6.35,6.83,4.7,5.74,0,0,0,0,0,0,0,0,5,1,4,9,0,2,1
405,860,star,2.988505747,608,81.35,7.47,5.5,5.82,0,0,0,0,0,0,0,0,4,1,3,15,1,1,1
48,101,bottle,2.988505747,570,50.75,5.47,3.32,5.88,0,1,0,0,0,0,0,1,6,2,4,3,0,1,0.5
142,288,drain,2.965517241,581,8.63,3.8,2.94,5.17,0,1,0,0,0,0,0,1,5,1,4,7,1,1,1
215,461,jar,2.965517241,578,8.31,5.71,2.77,5.26,0,1,0,0,0,0,0,1,3,1,2,19,0,1,1
155,320,feet,2.965517241,637,120.73,,,,1,0,0,0,0,0,0,0,4,1,3,10,0,1,1
154,316,farm,2.954022989,646,30.04,6.22,3.05,6.08,0,0,0,0,0,0,0,1,4,1,4,10,1,0,1
412,871,stone,2.942528736,571,40.63,4.81,3.25,7.26,0,0,0,0,0,0,0,0,5,1,4,12,1,1,1
36,82,bin,2.931034483,633,5.37,4.95,3.04,5.21,0,1,0,0,0,0,0,1,3,1,3,27,0,1,1
191,397,hair,2.931034483,565,153.55,6.18,3.71,6.69,1,0,0,0,0,0,0,0,4,1,2,9,0,0,1
415,877,street,2.931034483,590,148.18,5.07,3.45,5.41,0,0,0,0,0,0,0,1,6,1,5,2,1,2,1
382,808,shovel,2.931034483,638,6.84,4.8,3.5,6.42,0,0,0,0,0,0,0,1,6,2,4,5,0,0,0.5
95,190,child,2.91954023,602,157.65,7.2,5.33,5.2,0,0,0,1,0,0,0,0,5,1,5,3,1,2,1
172,354,frog,2.91954023,591,11.82,5.84,4.07,5.5,0,0,0,1,0,0,1,0,4,1,4,5,1,1,1
75,150,cancer,2.908045977,584,22.33,1.9,5.14,2.9,0,0,0,0,0,0,0,0,6,2,5,5,0,0.5,1
182,376,glove,2.908045977,633,10.1,6.11,3.57,6,0,1,0,0,0,0,0,1,5,1,4,6,1,1,1
43,95,boat,2.885057471,590,95.78,6.36,4.05,5.59,0,1,1,0,0,0,0,1,4,1,3,16,0,2,1
82,163,carpet,2.873563218,568,11.65,5.95,2.77,5.1,0,0,0,0,0,0,0,1,6,2,5,2,0,1.5,1
261,567,money,2.862068966,602,640.76,7.1,6.86,6.32,0,0,0,0,0,0,0,1,5,2,4,6,0,0,0
320,689,pocket,2.850574713,608,35.71,5.67,4.5,6.37,0,1,0,0,0,0,0,1,6,2,5,7,0,1,0.5
275,588,muscle,2.850574713,628,13.61,6.15,4.55,6.81,1,0,0,0,0,0,0,0,6,2,4,1,0,0,0.5
199,420,helmet,2.850574713,595,9.47,5.26,3.71,5.52,0,0,0,0,0,0,0,1,6,2,6,1,0,0.5,1
68,137,button,2.83908046,578,28.25,5.48,4.1,6.53,0,0,0,0,0,0,0,1,6,2,4,3,0,1,0.5
70,142,cage,2.83908046,620,20.27,3.11,4.2,3.58,0,1,0,0,1,0,0,1,4,1,3,18,0,2,1
371,783,scout,2.83908046,623,12.88,6,4.52,5.32,0,0,0,1,0,1,0,1,5,1,4,8,1,2,1
198,419,heel,2.83908046,613,7.39,4.63,4.55,5.41,1,0,0,0,0,0,0,0,4,1,3,11,0,0,1
61,123,brother,2.827586207,611,283.94,6.18,4.48,5.46,0,0,0,1,0,0,0,0,7,2,5,3,0.5,0.5,0.5
306,655,pencil,2.827586207,568,9.86,5.65,3.11,6.03,0,0,0,0,0,0,0,1,6,2,5,1,0,0.5,1
447,933,tooth,2.816091954,578,13.57,5.06,3.52,4.89,1,0,0,0,0,0,0,0,5,1,3,4,0,1,1
337,722,rabbit,2.804597701,590,20.94,7.21,3.98,5.95,0,0,0,1,0,0,1,0,6,2,5,3,0,1,0.5
317,675,pillow,2.793103448,593,11.39,7,2.9,6.34,0,0,0,0,0,0,0,1,6,2,4,2,0,0.5,0
380,805,shoe,2.781609195,602,30.39,5.78,2.4,5.44,0,1,0,0,0,0,0,1,4,1,2,10,0,0,0
428,901,teeth,2.770114943,583,47.84,5,3.8,5.65,1,0,0,0,0,0,0,0,5,1,3,1,0,1,1
118,237,corn,2.770114943,611,14.22,5.95,3.43,5.65,0,0,0,0,0,0,0,0,4,1,3,19,1,1,1
147,304,egg,2.770114943,586,26.04,5.95,3.28,5.74,0,0,0,0,0,0,0,0,3,1,2,2,0,1,1
106,211,closet,2.770114943,611,27.08,5.1,3.55,6.63,0,1,0,0,0,0,0,1,6,2,6,6,0.5,1,0.5
164,337,flower,2.75862069,580,22.76,7.3,3.67,6.43,0,0,0,0,0,0,0,0,6,2,4,6,0.5,0,0.5
315,673,pigeon,2.75862069,592,5.9,5.58,2.95,5.04,0,0,0,1,0,0,1,0,6,2,5,1,0,1,0.5
246,525,locker,2.75862069,578,15.98,4.79,3.35,6.35,0,1,0,0,0,0,0,1,6,2,4,7,0,0.5,0.5
388,821,skirt,2.747126437,562,9.96,6.14,4.88,5.86,0,0,0,0,0,0,0,1,5,1,4,3,1,2,1
318,677,pin,2.735632184,605,16.37,5.29,3.73,5.76,0,0,0,0,0,0,0,1,3,1,3,30,0,1,1
5,18,ant,2.724137931,585,5.35,3.9,3.27,5.3,0,0,0,1,0,0,1,0,3,1,3,19,1,1,1
268,578,motor,2.724137931,580,13.16,5.64,5.42,5.5,0,0,0,0,0,0,0,1,5,2,4,3,0,0.5,0.5
330,705,priest,2.724137931,573,26.2,4.5,3.76,5.82,0,0,0,1,0,1,0,1,6,1,5,1,2,2,1
350,743,road,2.712643678,587,111.94,5.59,3.81,6,0,0,0,0,0,0,0,1,4,1,5,9,0,1,1
483,1014,wolf,2.701149425,588,20.27,6.26,5.25,4.59,0,0,0,1,0,0,1,0,4,1,4,3,1,0,1
430,906,tent,2.689655172,602,17.49,6.23,3.38,5.91,0,1,0,0,1,0,0,1,4,1,4,17,1,2,1
253,543,mattress,2.689655172,578,6.61,5.74,3.45,6.17,0,0,0,0,0,0,0,1,8,2,6,0,0.5,0.5,0.5
295,629,ox,2.689655172,629,7.78,4.95,3.82,5.81,0,0,0,1,0,0,1,0,2,1,4,13,1,1,1
264,571,moon,2.666666667,562,49.96,7,3.43,6.11,0,0,0,0,0,0,0,0,4,1,3,16,0,0,1
123,242,couch,2.666666667,624,23.47,6.52,3.4,6.19,0,0,0,0,0,0,0,1,5,1,4,8,1,2,1
284,607,nun,2.666666667,608,6.96,5.79,2.43,4.53,0,0,0,1,0,1,0,1,3,1,3,14,0,0,1
137,277,doctor,2.666666667,622,263.94,5.93,4.05,4.69,0,0,0,1,0,1,0,1,6,2,5,1,0,1.5,1
208,442,hurricane,2.655172414,608,8.76,3.16,5.75,2.98,0,0,0,0,0,0,0,0,9,3,7,1,0,0.33,0.67
293,626,oven,2.655172414,595,8.88,6.16,2.95,6.04,0,1,0,0,0,0,0,1,4,2,3,8,0,0,0.5
209,443,hut,2.655172414,614,13.22,5.1,2.91,5.7,0,1,0,0,1,0,0,1,3,1,3,21,0,1,1
63,127,buckle,2.655172414,619,5.04,5.05,3.76,4.83,0,0,0,0,0,0,0,1,6,2,4,2,0,1,0.5
407,863,steak,2.643678161,593,16.24,6.2,3.63,6.04,0,0,0,0,0,0,0,1,5,1,4,8,1,2,1
431,910,thorn,2.632183908,612,5.1,3.62,4.2,4.1,0,0,0,0,0,0,0,0,5,1,3,5,1,0,1
98,197,chocolate,2.632183908,577,29.39,7.63,5.14,5.88,0,0,0,0,0,0,0,1,9,3,8,1,0,1,0.67
52,109,bra,2.632183908,604,10.92,5.9,3.92,5.63,0,1,0,0,0,0,0,1,3,1,3,12,1,1,0
240,518,lion,2.620689655,607,15.35,5.84,5.29,4.86,0,0,0,1,0,0,1,0,4,2,4,8,0,0,0.5
114,225,coffin,2.620689655,583,9.04,2.63,4.3,3.72,0,1,0,0,0,0,0,1,6,2,5,1,0,0.5,0.5
398,840,soldier,2.620689655,583,38.92,5.45,5.9,5.84,0,0,0,1,0,1,0,1,7,2,5,1,0,0.5,1
269,579,mountain,2.609195402,606,35.39,6.65,4.12,6.18,0,0,0,0,0,0,0,0,8,2,6,2,0,0.5,1
437,917,tiger,2.597701149,612,18.53,6,5.55,4.4,0,0,0,1,0,0,1,0,5,2,4,3,0,1,0.5
459,969,van,2.597701149,595,51.78,4.43,4.35,5.35,0,1,1,0,0,0,0,1,3,1,3,21,0,0,1
206,439,house,2.597701149,572,514,7.19,3.95,6.41,0,1,0,0,1,0,0,1,5,1,3,8,1,0,1
146,297,ear,2.597701149,615,32,5.86,3.5,6.74,1,0,0,0,0,0,0,0,33,1,2,29,0,0,1
448,936,tower,2.586206897,578,22.84,5.24,3.86,5.45,0,0,0,0,1,0,0,1,5,2,3,7,0,0.5,0.5
334,714,puppy,2.574712644,623,11.45,7.85,5.84,6.24,0,0,0,1,0,0,1,0,5,2,4,4,0,1,0
262,568,monk,2.574712644,568,7.37,4.9,2.61,5.04,0,0,0,1,0,1,0,1,4,1,4,8,1,1,1
200,423,heroin,2.574712644,581,9.82,2.74,4.62,3.67,0,0,0,0,0,0,0,1,6,3,6,3,0,0,0.33
22,56,bath,2.574712644,578,31.12,7,3.25,6.64,0,1,0,0,0,0,0,1,4,1,3,15,0,1,1
39,88,blade,2.563218391,573,13,3.9,4.52,4.56,0,0,0,0,0,0,0,1,5,1,4,8,1,2,1
348,740,rifle,2.563218391,599,14.57,4.3,6.14,5.28,0,1,0,0,0,0,0,1,5,2,3,3,0,0,0.5
416,878,string,2.563218391,563,12.67,5.25,3.8,5.62,0,0,0,0,0,0,0,1,6,1,5,8,1,1,1
399,842,soup,2.563218391,572,25.2,7.05,4.24,6.64,0,0,0,0,0,0,0,1,4,1,3,6,0,1,1
368,777,school,2.563218391,563,333.12,5.41,4.57,5.88,0,0,0,0,0,0,0,1,6,1,4,1,1,1,1
150,309,engine,2.551724138,642,31.88,5.48,3.89,5.36,0,0,0,0,0,0,0,1,6,2,5,1,0,0.5,1
140,281,dollar,2.551724138,625,27.65,7.39,5.57,5.07,0,0,0,0,0,0,0,1,6,2,4,2,0,0.5,0.5
40,89,blanket,2.540229885,567,12.98,7.05,2.23,6.75,0,0,0,0,0,0,0,1,7,2,7,1,0.5,1.5,1
238,512,lieutenant,2.540229885,566,104.04,4.91,4.1,5.28,0,0,0,1,0,1,0,1,10,3,9,1,0.33,0.67,0.33
298,640,pan,2.528735632,582,12.29,5.15,3.05,6,0,1,0,0,0,0,0,1,3,1,3,36,0,1,1
355,750,room,2.528735632,597,439.51,5.55,3.1,5.71,0,1,0,0,1,0,0,1,4,1,3,14,0,0,1
232,500,leather,2.517241379,570,13.59,5.84,3.57,5.32,0,0,0,0,0,0,0,1,7,2,4,4,0,0,0.5
304,652,pearl,2.517241379,587,15.67,6.05,3.5,5.94,0,0,0,0,0,0,0,0,5,1,3,5,1,1,1
195,414,hawk,2.505747126,601,12.75,6.46,4.83,5.5,0,0,0,1,0,0,1,0,4,1,3,5,0,1,1
349,742,river,2.505747126,660,55.47,6.72,4.22,4.89,0,0,0,0,0,0,0,0,5,2,3,9,0,0,0.5
128,265,daisy,2.505747126,577,13.51,7.48,3.95,5.37,0,0,0,0,0,0,0,0,5,2,4,2,0,0.5,0
83,166,cart,2.505747126,595,9.04,5.37,3.18,5.83,0,1,1,0,0,0,0,1,4,1,3,24,1,2,1
136,276,dock,2.505747126,581,9.75,5.05,3.44,5.88,0,0,0,0,0,0,0,1,4,1,3,16,0,2,1
285,608,nurse,2.505747126,594,44.98,5.41,4.64,5.58,0,0,0,1,0,1,0,1,5,1,3,5,1,0,1
365,765,salt,2.494252874,560,19.51,6.05,4.53,6.04,0,0,0,0,0,0,0,0,4,1,4,10,1,1,1
478,1007,wig,2.494252874,569,8.35,4.48,3.36,5.1,0,0,0,0,0,0,0,1,3,1,3,16,0,1,1
460,971,vegetable,2.494252874,577,5.71,6.79,3.75,5.17,0,0,0,0,0,0,0,0,9,4,8,1,0,0.75,0.5
482,1012,wing,2.494252874,636,20.24,6.15,4.32,6.5,0,0,0,0,0,0,0,0,4,1,3,25,0,0,1
254,545,meal,2.471264368,576,28.86,7.05,4.85,7.11,0,0,0,0,0,0,0,1,4,1,3,17,0,0,1
341,728,ranch,2.471264368,576,17.55,5.91,5.3,5.68,0,0,0,0,1,0,0,1,5,1,5,2,1,1,1
23,61,beach,2.471264368,583,56.63,7.21,5.1,5.7,0,0,0,0,0,0,0,0,5,1,4,11,0,2,1
234,504,lemon,2.448275862,595,12.02,6.37,4.52,5.43,0,0,0,0,0,0,0,0,5,2,5,4,0,0,0.5
31,75,bell,2.436781609,561,39.33,5.67,4.7,6.16,0,0,0,0,0,0,0,1,4,1,3,19,0,1,1
134,273,dime,2.436781609,623,12.06,5.58,3.52,5.32,0,0,0,0,0,0,0,1,4,1,3,13,0,1,1
81,159,card,2.436781609,637,85.43,5.5,2.67,5.06,0,0,0,0,0,0,0,1,4,1,3,17,1,2,1
133,272,diamond,2.436781609,604,20.65,6.88,5.82,5.64,0,0,0,0,0,0,0,0,7,3,7,1,0.33,0.67,0.33
378,802,shield,2.436781609,615,8.2,5.91,3.65,6.41,0,0,0,0,0,0,0,1,6,1,4,1,1,1,1
427,900,teacher,2.425287356,611,55.73,7.37,2.9,5.95,0,0,0,1,0,1,0,1,7,2,5,2,0,1,0.5
226,488,lamb,2.425287356,571,10.63,6.3,3.32,5.72,0,0,0,1,0,0,1,0,4,1,3,7,0,0,1
169,350,fort,2.425287356,578,15.43,,,,0,1,0,0,1,0,0,1,4,1,3,16,1,1,1
101,201,cigar,2.425287356,576,12.94,4.4,4.27,6.16,0,0,0,0,0,0,0,1,5,2,4,1,0,0.5,0.5
223,482,knight,2.413793103,590,26.76,,,,0,0,0,1,0,1,0,1,6,1,3,2,0,1,1
10,26,arrow,2.413793103,600,7.84,5.24,3.91,5.53,0,0,0,0,0,0,0,1,5,2,3,5,0,0,0.5
233,503,leg,2.413793103,603,56.51,6.22,2.75,5.5,1,0,0,0,0,0,0,0,3,1,3,19,0,1,1
85,171,cattle,2.402298851,609,13.22,5.42,2.64,4.74,0,0,0,1,0,0,1,0,6,2,4,4,0,1,0.5
34,78,bench,2.402298851,615,9.67,5.5,3.46,5.81,0,0,0,0,0,0,0,1,5,1,5,5,1,2,1
178,364,garden,2.402298851,607,26.55,7.25,3.71,6.13,0,1,0,0,0,0,0,1,6,2,6,3,0,1,1
197,417,heart,2.390804598,576,244.18,6.95,5.07,5.43,1,0,0,0,0,0,0,0,5,1,3,9,1,1,1
15,38,badge,2.390804598,608,15.25,5.24,4.4,5.75,0,0,0,0,0,0,0,1,5,1,3,6,0,2,1
28,68,bedroom,2.390804598,623,36.71,7,4.9,6.84,0,0,0,0,1,0,0,1,7,2,6,1,0,1,1
474,1000,wheel,2.390804598,590,27.06,5.9,4,6.16,0,0,0,0,0,0,0,1,5,1,3,2,0,0,1
30,72,beer,2.390804598,560,75.49,5.67,4.3,5.33,0,0,0,0,0,0,0,1,4,1,2,13,0,1,1
20,52,basement,2.390804598,591,21.06,4.81,3.33,5.26,0,1,0,0,1,0,0,1,8,2,7,1,0.5,1,1
184,379,gold,2.379310345,606,78.94,7.28,6.35,5.8,0,0,0,0,0,0,0,0,4,1,4,11,1,2,1
466,984,wall,2.379310345,590,70.69,5.06,2.9,4.22,0,0,0,0,0,0,0,1,4,1,3,17,0,0,1
297,636,palace,2.367816092,606,19.2,6.1,4.67,5.4,0,1,0,0,1,0,0,1,6,2,3,3,0,0.5,0.5
325,696,pope,2.367816092,583,10.71,5.18,4.21,4.24,0,0,0,1,0,1,0,1,4,1,3,14,0,2,1
289,616,oil,2.367816092,580,41.08,3.91,4.25,5.63,0,0,0,0,0,0,0,0,3,1,2,10,0,0,1
396,838,sofa,2.356321839,583,5.86,6.26,2.9,5.84,0,0,0,0,0,0,0,1,4,2,4,3,0,0,0
244,523,lobster,2.356321839,582,7.33,6.43,4.67,5.55,0,0,0,1,0,0,1,0,7,2,6,2,0.5,1,1
401,849,spider,2.344827586,589,10.1,3.35,6.91,3.74,0,0,0,1,0,0,1,0,6,2,5,2,0.5,1,0.5
187,387,grass,2.344827586,599,16.78,6.47,3.39,5.67,0,0,0,0,0,0,0,0,5,1,4,9,1,1,1
161,331,flag,2.344827586,565,17.49,6.1,3.74,5.56,0,0,0,0,0,0,0,1,4,1,4,10,1,1,1
100,199,church,2.344827586,622,69.67,5.21,3.63,5.04,0,1,0,0,0,0,0,1,6,1,5,0,1,2,1
323,693,pond,2.344827586,601,6.33,6.32,2.32,5.95,0,0,0,0,0,0,0,0,4,1,4,7,1,2,1
12,32,aunt,2.344827586,563,55.2,6.56,2.71,4.28,0,0,0,1,0,0,0,0,4,1,3,11,1,1,1
33,77,belt,2.333333333,601,24.35,4.44,3.45,5.75,0,0,0,0,0,0,0,1,4,1,4,10,1,2,1
205,437,hotel,2.333333333,634,103.22,6.6,4.55,5.59,0,1,0,0,1,0,0,1,5,2,5,4,0,0.5,0.5
417,879,submarine,2.333333333,595,7.1,6,4.24,4.61,0,1,1,0,0,0,0,1,9,3,8,1,0,0.33,0.67
453,944,tree,2.32183908,575,65,7.59,2.67,5.62,0,0,0,0,0,0,0,0,4,1,3,8,1,1,0
29,69,bee,2.32183908,562,10.35,3.68,5.65,5.32,0,0,0,1,0,0,1,0,3,1,2,22,0,1,0
444,930,tomb,2.32183908,604,5.63,3.58,4.06,3.3,0,1,0,0,1,0,0,1,4,1,3,7,0,1,1
360,758,rum,2.32183908,605,7.49,5.57,4.96,6.17,0,0,0,0,0,0,0,1,3,1,3,21,0,0,1
46,99,book,2.310344828,564,176.98,7.05,3.13,6.41,0,0,0,0,0,0,0,1,4,1,3,16,0,2,1
390,826,sleeve,2.310344828,618,5.61,5.95,3.26,6.05,0,1,0,0,0,0,0,1,6,1,4,1,1,0,1
461,973,velvet,2.310344828,579,6.27,6.3,4.53,6,0,0,0,0,0,0,0,1,6,2,6,0,0,0.5,1
408,865,steel,2.298850575,576,18.45,4.95,3.86,5.68,0,0,0,0,0,0,0,1,5,1,4,5,1,1,1
307,658,penny,2.298850575,597,24.29,6.29,5.55,5.4,0,0,0,0,0,0,0,1,5,2,4,4,0,0.5,0
279,597,necklace,2.287356322,634,9.75,6.85,3.52,5.64,0,0,0,0,0,0,0,1,8,2,6,1,0,0.5,1
221,480,knee,2.275862069,621,14.69,4.7,4.25,5.38,1,0,0,0,0,0,0,0,4,1,2,4,0,0,0
165,341,food,2.275862069,600,154.43,7.52,4.69,6.08,0,0,0,0,0,0,0,0,4,1,3,12,0,1,1
250,533,magician,2.275862069,610,7.65,5.68,4.73,4.26,0,0,0,1,0,1,0,1,8,3,7,1,0,0.33,0.33
201,425,highway,2.275862069,580,17.86,5.19,4.28,5.14,0,0,0,0,0,0,0,1,7,2,4,1,0,0,0
180,367,gate,2.275862069,599,32.04,5.32,4.5,5.95,0,0,0,0,0,0,0,1,4,1,3,17,0,2,1
384,814,sink,2.264367816,588,16.92,4.62,3.7,4.1,0,1,0,0,0,0,0,1,4,1,4,20,1,1,1
366,766,sand,2.264367816,567,20.29,6.16,3.43,4.82,0,0,0,0,0,0,0,0,4,1,4,17,1,1,1
435,915,ticket,2.264367816,612,45.57,5.28,3.95,5,0,0,0,0,0,0,0,1,6,2,5,5,0,1.5,0.5
145,296,eagle,2.252873563,613,11.49,6.47,4.57,5.09,0,0,0,1,0,0,1,0,5,2,3,3,0,0.5,0.5
463,977,village,2.252873563,564,33.57,5.95,3.4,5.6,0,0,0,0,1,0,0,1,7,2,5,2,0,0.5,0.5
258,556,minister,2.252873563,591,18.45,5,3.85,5.65,0,0,0,1,0,1,0,1,8,3,7,2,0.33,0.33,0.33
411,870,stomach,2.24137931,596,33.82,4.53,3.76,5.4,1,1,0,0,0,0,0,0,6,2,6,1,0.5,1,0.5
122,241,cotton,2.229885057,593,14.18,6.05,2.48,6.24,0,0,0,0,0,0,0,1,6,2,4,0,0,1,0.5
452,943,tray,2.229885057,570,8.04,5.14,3.57,6.05,0,1,0,0,0,0,0,1,4,1,3,13,1,1,0
458,968,valley,2.218390805,573,25,6.22,2.7,5.12,0,0,0,0,0,0,0,0,6,2,4,4,0,0,0
35,81,bible,2.218390805,623,18.33,5.74,3.65,5,0,0,0,0,0,0,0,1,5,2,4,2,0,1,0.5
88,176,cellar,2.218390805,597,9.37,4.7,3.14,4.75,0,1,0,0,1,0,0,1,6,2,4,2,0,0,0.5
202,426,hill,2.218390805,622,37.55,5.41,3.15,6.95,0,0,0,0,0,0,0,0,4,1,3,19,0,0,1
245,524,lock,2.206896552,564,56.57,4.56,3,4.11,0,0,0,0,0,0,0,1,4,1,3,19,0,1,1
167,346,forehead,2.206896552,581,7.84,5.04,3.14,6.5,1,0,0,0,0,0,0,0,8,2,5,1,0,0.5,1
481,1011,wine,2.206896552,578,60.35,5.85,4.24,5.67,0,0,0,0,0,0,0,1,4,1,3,23,0,0,1
476,1003,whiskey,2.206896552,586,16.12,5.55,5.62,4.41,0,0,0,0,0,0,0,1,7,2,5,1,0.5,0.5,0.5
242,520,liquor,2.195402299,578,17.29,4.85,5.85,4.5,0,0,0,0,0,0,0,1,6,2,4,0,0,0.5,0.5
406,862,statue,2.195402299,592,10.59,5.95,2.82,4.95,0,0,0,0,0,0,0,1,6,2,6,5,0.5,1,0
479,1009,willow,2.195402299,568,6.24,5.95,2.78,4.75,0,0,0,0,0,0,0,0,6,2,4,3,0,0,0
243,521,liver,2.183908046,610,14.29,4.19,3.27,4.67,1,0,0,0,0,0,0,0,5,2,4,17,0,0,0.5
102,202,cigarette,2.183908046,580,26.61,3,4,5.05,0,0,0,0,0,0,0,1,9,3,7,1,0,0.67,0.33
277,591,mustard,2.183908046,613,6.45,4.74,3.39,5.69,0,0,0,0,0,0,0,1,7,2,6,1,1,1,0.5
78,153,cane,2.183908046,613,8.33,4.64,3,4.38,0,0,0,0,0,0,0,1,4,1,3,24,0,1,1
414,876,strawberry,2.183908046,570,5.53,7.25,4.05,5.54,0,0,0,0,0,0,0,0,10,3,8,0,0.33,0.67,0
18,47,banner,2.183908046,638,5.92,5.17,3.55,5.17,0,0,0,0,0,0,0,1,6,2,4,7,0,0.5,0.5
335,715,purse,2.183908046,570,19.76,5.95,3.21,5.68,0,1,0,0,0,0,0,1,5,1,3,8,1,1,1
397,839,soil,2.172413793,608,7.78,5.21,2.76,5.18,0,0,0,0,0,0,0,0,4,1,3,9,0,0,1
308,663,phone,2.172413793,584,269.73,6.09,3.43,4.44,0,0,0,0,0,0,0,1,5,1,3,6,0,0,1
222,481,knife,2.172413793,583,46.8,4.33,4.86,5.29,0,0,0,0,0,0,0,1,5,1,3,1,0,0,1
220,475,key,2.172413793,606,86.86,6.22,3.9,6.75,0,0,0,0,0,0,0,1,2,1,3,7,0,1,0
38,86,bishop,2.172413793,639,16.76,4.53,3.77,4.82,0,0,0,1,0,1,0,1,6,2,5,1,0,1,0.5
340,726,rain,2.172413793,592,48.9,6.58,3.29,4.25,0,0,0,0,0,0,0,0,4,1,3,18,0,0,1
426,899,tea,2.172413793,586,58.63,6.56,2.05,6,0,0,0,0,0,0,0,1,3,1,2,16,0,1,0
196,415,hay,2.172413793,611,6.37,5.41,2.43,4.75,0,0,0,0,0,0,0,0,3,1,2,29,0,0,0
211,454,island,2.16091954,587,39.57,7.18,4.25,5.58,0,0,0,0,0,0,0,0,6,2,5,2,0.5,0.5,0.5
141,282,door,2.16091954,613,292.06,5.43,3.19,6.1,0,0,0,0,0,0,0,1,4,1,3,7,0,1,1
239,513,lily,2.16091954,631,26.86,7.05,2.64,5.39,0,0,0,0,0,0,0,0,4,2,4,4,0,0,0
76,151,candle,2.149425287,622,8.02,6.14,3.81,6.08,0,0,0,0,0,0,0,1,6,2,5,3,0,1,1
9,24,arm,2.149425287,624,65.41,5.44,3.44,6.02,1,0,0,0,0,0,0,0,3,1,2,11,1,0,1
230,497,lawyer,2.149425287,577,79.51,3.94,3.95,3.56,0,0,0,1,0,1,0,1,6,2,4,3,0,0,0.5
80,158,car,2.137931034,565,483.06,6.63,4.04,6.41,0,1,1,0,0,0,0,1,3,1,2,31,0,1,1
8,21,apple,2.137931034,578,23.67,6.62,3.52,6.44,0,0,0,0,0,0,0,0,5,2,3,3,0,0.5,0.5
393,834,soap,2.137931034,596,15.2,7.1,2.62,5.32,0,0,0,0,0,0,0,1,4,1,3,9,0,1,1
305,654,pen,2.126436782,577,24.73,5.63,2.75,6.17,0,0,0,0,0,0,0,1,3,1,3,24,0,1,1
129,267,deck,2.126436782,615,23.76,5.68,3.25,5.38,0,0,0,0,0,0,0,1,4,1,3,11,0,2,1
96,191,children,2.114942529,583,175.1,6.36,5.09,5.95,0,0,0,1,0,0,0,0,8,2,8,0,0.5,1,1
443,929,tomato,2.114942529,615,5.9,5.8,2.68,5.46,0,0,0,0,0,0,0,0,6,3,6,0,0,0.67,0
218,467,jewel,2.114942529,587,7.24,6.68,3.83,5.1,0,0,0,0,0,0,0,1,5,2,4,1,0,0.5,0.5
266,573,morgue,2.114942529,616,8.63,1.79,3.48,3.32,0,1,0,0,0,0,0,1,6,1,3,0,1,1,1
282,602,nickel,2.114942529,574,8.45,5.62,4.22,5,0,0,0,0,0,0,0,1,6,2,4,2,0,0.5,0.5
339,725,railroad,2.114942529,636,12.43,5.68,3.95,5.29,0,0,0,0,0,0,0,1,8,2,6,1,0,0.5,1
157,322,ferry,2.114942529,606,5.35,6.3,2.71,5.43,0,1,1,0,0,0,0,1,5,2,4,8,0,0,0
471,993,weapon,2.103448276,590,46.65,3.95,6.27,4.88,0,0,0,0,0,0,0,1,6,2,5,1,0,0.5,0.5
287,613,ocean,2.103448276,642,30.29,7.39,3.5,5.88,0,0,0,0,0,0,0,0,5,2,4,1,0,0,0.5
130,268,deer,2.103448276,565,8.71,6.89,3.95,4.89,0,0,0,1,0,0,1,0,4,1,2,16,0,1,1
438,921,tire,2.103448276,583,12.37,4.55,3.09,5.52,0,1,0,0,0,0,0,1,4,2,3,14,0,0.5,0.5
468,990,warehouse,2.103448276,624,9.98,4.43,3.57,5.06,0,1,0,0,1,0,0,1,9,2,6,1,0,0,1
486,1022,yacht,2.091954023,623,8.22,5.88,3.98,5.56,0,1,1,0,0,0,0,1,5,1,3,1,0,1,1
370,782,scotch,2.091954023,592,14.75,5.89,4.2,5.32,0,0,0,0,0,0,0,1,6,1,4,1,1,2,1
301,644,paper,2.091954023,625,103.35,5.42,3.52,5.64,0,0,0,0,0,0,0,1,5,2,3,6,0,1,0.5
469,991,water,2.08045977,581,225.06,7,3.71,6.12,0,0,0,0,0,0,0,0,5,2,4,12,0,0.5,0.5
259,559,mirror,2.08045977,595,24.18,5.9,4.55,5.5,0,0,0,0,0,0,0,1,6,2,4,1,0,0,0.5
194,405,hardware,2.068965517,584,6.82,6.11,4.41,5.32,0,0,0,0,0,0,0,1,8,2,5,0,0.5,0.5,1
181,370,gin,2.068965517,564,11.27,5.82,4.19,5.91,0,0,0,0,0,0,0,1,3,1,3,19,0,1,1
436,916,tie,2.068965517,593,44.43,5.33,3.1,5.17,0,0,0,0,0,0,0,1,3,1,2,23,0,1,0
379,804,shirt,2.057471264,579,46.37,5.56,2.3,5.67,0,0,0,0,0,0,0,1,5,1,3,6,1,1,1
345,737,rib,2.057471264,579,5.9,6.1,2.29,5,1,0,0,0,0,0,0,0,3,1,3,14,0,1,1
60,119,bridge,2.057471264,637,45.71,5.44,3.48,4.78,0,0,0,0,0,0,0,1,6,1,4,4,1,2,1
54,111,branch,2.057471264,580,10.08,5.15,2.67,4.91,0,0,0,0,0,0,0,0,6,1,6,2,2,2,1
288,615,office,2.057471264,597,203.9,4.54,3.05,5.16,0,0,0,0,1,0,0,1,6,2,4,2,0,0,0.5
326,697,porch,2.057471264,562,9.63,6.4,3.36,6.11,0,0,0,0,0,0,0,1,5,1,4,4,1,2,1
252,540,map,2.045977011,575,31.82,5.81,3.95,5.79,0,0,0,0,0,0,0,1,3,1,3,29,0,1,1
225,487,lake,2.045977011,564,36,7.13,2.64,5.36,0,0,0,0,0,0,0,0,4,1,3,19,0,1,1
377,801,shepherd,2.045977011,605,7.43,5.75,3.05,5.72,0,0,0,1,0,1,0,1,8,2,5,1,0.5,1,0.5
105,210,clock,2.034482759,568,58.63,5.65,3.35,5.24,0,0,0,0,0,0,0,1,5,1,4,10,1,2,1
99,198,choir,2.034482759,592,5.31,6.15,3.29,4.68,0,0,0,0,0,0,0,1,5,2,4,2,0.5,0.5,0.5
369,779,scissors,2.022988506,591,6.69,5.03,4.02,6.89,0,0,0,0,0,0,0,1,8,2,5,1,0.5,0,0.5
419,884,sun,2.022988506,622,69.67,6.92,4.64,4.98,0,0,0,0,0,0,0,0,3,1,3,23,0,0,1
110,218,coal,2.022988506,568,6.57,4.56,2.55,4.88,0,0,0,0,0,0,0,0,4,1,3,9,0,1,1
42,92,blouse,2.022988506,563,5.33,5.73,3.24,6.59,0,0,0,0,0,0,0,1,6,1,4,2,1,1,1
247,527,lung,2.011494253,570,8.24,4.84,2.64,4.74,1,0,0,0,0,0,0,0,4,1,3,16,0,0,1
56,115,bread,2.011494253,589,28.33,6.52,3.85,6.05,0,0,0,0,0,0,0,1,5,1,4,9,1,2,1
465,983,waist,2.011494253,609,5.14,5.32,4,6.05,1,0,0,0,0,0,0,0,5,1,4,2,1,1,1
257,549,medal,2.011494253,588,11.57,5.2,5.3,5.88,0,0,0,0,0,0,0,1,5,2,4,5,0,0.5,0.5
372,786,sea,2,601,59.84,6.56,2.8,5.22,0,0,0,0,0,0,0,0,3,1,2,18,0,0,0
49,104,bourbon,2,564,6.25,5.7,5.95,5.69,0,0,0,0,0,0,0,1,7,2,2,0,0,1,1
212,457,jacket,2,568,33.41,5.86,3.35,6.89,0,0,0,0,0,0,0,1,6,2,5,4,0,1.5,0.5
464,981,vodka,1.988505747,560,10.1,5.68,5.23,3.91,0,0,0,0,0,0,0,1,5,2,5,0,0,1,0.5
385,817,skate,1.988505747,583,5.9,6.74,4.48,4.84,0,0,0,0,0,0,0,1,5,1,4,5,1,2,1
156,321,fence,1.977011494,595,16.06,5.05,2.7,5.2,0,0,0,0,0,0,0,1,5,1,4,3,1,0,1
1,7,alcohol,1.977011494,586,16.57,4.11,5.17,4,0,0,0,0,0,0,0,1,7,3,7,0,0,0.33,0.67
373,791,secretary,1.965517241,607,33.22,5.18,3.8,6.68,0,0,0,1,0,1,0,1,9,3,9,0,0,0.67,0
190,394,gym,1.965517241,570,18.18,5.84,5,5.96,0,1,0,0,0,0,0,1,3,1,3,4,0,1,1
462,975,vest,1.965517241,572,5.57,5.74,4.1,6.25,0,0,0,0,0,0,0,1,4,1,4,14,1,1,1
322,691,policeman,1.954022989,608,11.73,4.21,4.06,5.76,0,0,0,1,0,1,0,1,9,3,8,1,0,0.33,0.67
424,891,table,1.954022989,563,105.63,5.49,3,5.84,0,0,0,0,0,0,0,1,5,2,4,9,0,1,0.5
104,209,cliff,1.954022989,623,21.57,4.77,5.18,4.09,0,0,0,0,0,0,0,0,5,1,4,1,1,1,1
336,721,rabbi,1.942528736,607,6.71,4.79,4,4.32,0,0,0,1,0,1,0,1,5,2,4,2,0,0.5,0
121,240,cottage,1.942528736,568,5.29,6.63,2.95,6.08,0,1,0,0,1,0,0,1,7,2,5,1,0,1.5,0.5
236,507,leopard,1.931034483,565,5.41,6.43,6.26,4.29,0,0,0,1,0,0,1,0,7,2,5,3,0.5,1,0.5
148,305,elbow,1.91954023,614,6.14,5.38,3.2,6.02,1,0,0,0,0,0,0,0,5,2,4,1,0,0.5,0.5
143,290,dress,1.91954023,576,87.2,6.42,4.73,6.64,0,0,0,0,0,0,0,1,5,1,4,4,1,1,1
357,752,rose,1.908045977,576,53.02,7.11,2.8,6.22,0,0,0,0,0,0,0,0,4,1,3,22,0,0,1
127,256,crystal,1.908045977,598,16.14,6.75,4.1,6.72,0,0,0,0,0,0,0,1,7,2,3,1,1,1,0.5
227,489,lamp,1.896551724,573,12.88,5.74,2.71,6.04,0,0,0,0,0,0,0,1,4,1,4,14,1,1,1
107,212,cloth,1.896551724,613,6.1,6.2,2.58,5.4,0,0,0,0,0,0,0,1,5,1,4,5,1,1,1
168,348,forest,1.896551724,582,18.88,6.68,4.44,5.71,0,0,0,0,0,0,0,0,6,2,6,1,0.5,0.5,1
392,833,snow,1.885057471,581,31.35,6.78,4.57,5.62,0,0,0,0,0,0,0,0,4,1,3,10,1,0,0
386,818,ski,1.885057471,581,8.1,5.91,6.05,4.86,0,0,0,0,0,0,0,1,3,1,3,11,1,1,0
229,496,lawn,1.873563218,653,12.35,6.05,2.62,6.04,0,0,0,0,0,0,0,1,4,1,3,8,0,0,1
347,739,rice,1.873563218,562,15.08,5.7,3,5.5,0,0,0,0,0,0,0,0,4,1,4,15,0,0,1
364,764,saloon,1.862068966,603,5.14,5.45,3.35,3.68,0,0,0,0,0,0,0,1,6,2,5,3,0,0,0.5
467,985,wallet,1.862068966,590,22.8,6,4.25,6.08,0,1,0,0,0,0,0,1,6,2,5,7,0,0.5,0.5
292,620,orchestra,1.850574713,574,5.51,6.5,4.07,5.76,0,0,0,0,0,0,0,1,9,3,7,0,0.33,0.67,0
383,813,silver,1.850574713,575,31.75,7.48,4,7.05,0,0,0,0,0,0,0,0,6,2,5,1,0,0,1
432,911,thread,1.850574713,609,5.16,5.5,3.87,5.5,0,0,0,0,0,0,0,1,6,1,4,3,1,1,1
457,962,umbrella,1.850574713,615,7.49,5.84,3.5,5.75,0,0,0,0,0,0,0,1,8,3,7,1,0.33,0.33,0.33
302,646,passenger,1.850574713,597,10.76,4.55,3.82,4,0,0,0,1,0,0,0,1,9,3,7,1,0,0.67,0.67
67,136,butterfly,1.850574713,614,5.51,7.23,3.2,5.51,0,0,0,1,0,0,1,0,9,3,7,0,0.33,0.67,0.33
132,270,desk,1.83908046,590,43.9,5.56,2.45,5.72,0,1,0,0,0,0,0,1,4,1,4,5,1,2,1
420,886,supper,1.83908046,560,19.37,6.72,3.6,5.64,0,0,0,0,0,0,0,1,6,2,4,2,0,0.5,0.5
103,208,clay,1.827586207,610,12,5.45,3.84,5.64,0,0,0,0,0,0,0,0,4,1,3,8,1,1,0
115,226,coin,1.816091954,618,9.75,6.55,3.13,6.24,0,0,0,0,0,0,0,1,4,1,3,11,0,1,1
346,738,ribbon,1.804597701,611,5.06,6.7,3.63,5.31,0,0,0,0,0,0,0,1,6,2,3,1,0,0.5,0.5
413,874,stove,1.804597701,567,7.59,5.63,3.82,6.08,0,0,0,0,0,0,0,1,5,1,4,6,1,1,1
179,366,garlic,1.804597701,579,6,5.67,4.12,6.62,0,0,0,0,0,0,0,0,6,2,5,1,0,1,1
294,628,owl,1.804597701,592,5.61,6.3,3.57,5.02,0,0,0,1,0,0,1,0,3,1,2,7,0,0,1
272,583,movie,1.793103448,566,122.96,7.24,4.39,5.68,0,0,0,0,0,0,0,1,5,2,4,3,0,0,0
116,230,concrete,1.793103448,618,7.43,4.82,3.63,5.9,0,0,0,0,0,0,0,1,8,2,7,0,0.5,1.5,1
267,574,morphine,1.793103448,640,6.49,4.58,5.14,4.57,0,0,0,0,0,0,0,1,8,2,5,0,0,0,1
235,505,lemonade,1.781609195,576,5.51,7.05,4.63,6,0,0,0,0,0,0,0,1,8,3,7,0,0,0.33,0.33
313,671,pier,1.781609195,565,6.55,5.86,3.75,6.14,0,0,0,0,0,0,0,1,4,1,2,7,0,1,1
210,449,inn,1.770114943,576,8.39,5.71,3.26,5.52,0,1,0,0,1,0,0,1,3,1,2,6,0,0,1
113,224,coffee,1.770114943,564,144.53,7,5.1,6.12,0,0,0,0,0,0,0,1,6,2,4,2,0,0.5,0
251,537,mansion,1.75862069,588,6.45,6.62,4.84,6.5,0,0,0,0,1,0,0,1,7,2,6,1,0,0,1
286,610,oak,1.75862069,581,5.61,6.47,2.64,5.91,0,0,0,0,0,0,0,0,3,1,2,8,0,1,1
213,458,jade,1.747126437,593,5.08,6.25,3.43,5.37,0,0,0,0,0,0,0,0,4,1,3,10,0,2,1
108,213,clothes,1.747126437,585,101.14,6.77,3.14,5.47,0,0,0,0,0,0,0,1,7,1,5,3,1,1,1
354,749,roof,1.747126437,565,35.65,4.48,3.4,7.05,0,0,0,0,0,0,0,1,4,1,3,9,0,0,1
358,755,ruby,1.735632184,584,11.9,6.79,4.05,6,0,0,0,0,0,0,0,0,4,2,4,4,0,0.5,0
381,806,shore,1.724137931,631,19.86,,,,0,0,0,0,0,0,0,0,5,1,3,15,0,0,1
55,112,brandy,1.724137931,564,11.12,5.67,3.86,5.5,0,0,0,0,0,0,0,1,6,2,4,4,0.5,1,0.5
69,141,cafe,1.724137931,598,5.06,,,,0,0,0,0,0,0,0,1,4,2,4,9,0,0.5,0
111,219,coast,1.724137931,589,26.69,5.9,4.17,5.78,0,0,0,0,0,0,0,0,5,1,4,7,1,2,1
256,548,mechanic,1.724137931,606,5.06,5.45,4.45,5.15,0,0,0,1,0,1,0,1,8,3,7,1,0,0.67,0.33
319,678,pine,1.712643678,562,6.2,6.58,3.25,4.95,0,0,0,0,0,0,0,0,4,1,3,20,0,1,1
328,699,portrait,1.712643678,572,5.43,6.05,3.2,7,0,0,0,0,0,0,0,1,8,2,6,1,0.5,1.5,1
480,1010,window,1.701149425,631,86,6.47,3.27,5.39,0,0,0,0,0,0,0,1,6,2,5,2,0,0.5,0.5
166,342,football,1.701149425,614,37.53,6.52,5.65,5.42,0,0,0,0,0,0,0,1,8,2,6,0,0,1,1
404,859,stadium,1.701149425,579,6.12,5.53,5.25,5,0,0,0,0,1,0,0,1,7,2,7,0,0.5,1,0.5
231,498,leaf,1.689655172,600,5.2,6.16,3.05,5.54,0,0,0,0,0,0,0,0,4,1,3,9,0,0,1
338,724,radio,1.689655172,607,77.18,6,3.84,6.27,0,0,0,0,0,0,0,1,5,2,5,2,0,0.5,0
89,178,cereal,1.689655172,566,6.35,6.45,3.05,5.77,0,0,0,0,0,0,0,1,6,3,6,1,0,0,0.33
290,617,olive,1.689655172,582,7.35,6.05,3.92,5.18,0,0,0,0,0,0,0,0,5,2,4,5,0,0,0.5
291,619,orange,1.689655172,604,22.31,6.81,4.04,5.58,0,0,0,0,0,0,0,0,6,2,5,3,0.5,0.5,1
120,239,corridor,1.689655172,593,5.57,4.76,3.53,5.35,0,0,0,0,0,0,0,1,8,3,6,1,0,0.67,0.67
131,269,dentist,1.689655172,602,11.2,3.84,4.37,4.7,0,0,0,1,0,1,0,1,7,2,7,1,0.5,1.5,1
151,310,envelope,1.689655172,592,10.06,5.95,2.8,5.5,0,1,0,0,0,0,0,1,8,3,7,1,0,0.33,0.67
73,146,camera,1.67816092,587,57,6.61,3.05,6.39,0,0,0,0,0,0,0,1,6,3,4,1,0,0.33,0.33
176,362,gallery,1.67816092,626,8.51,6.9,3.32,5.68,0,1,0,0,0,0,0,1,7,3,6,1,0,0.33,0
186,382,gown,1.67816092,591,6.55,6,3.86,5.5,0,0,0,0,0,0,0,1,4,1,3,7,1,1,1
91,182,chapel,1.666666667,575,7.96,6.67,2.45,3.8,0,0,0,0,0,0,0,1,6,2,6,0,0,1,0.5
4,17,ankle,1.666666667,615,8.02,5.4,3.11,5.58,1,0,0,0,0,0,0,0,5,2,4,3,0,0.5,1
237,511,library,1.666666667,608,22.94,6.33,2.52,6.35,0,1,0,0,0,0,0,1,7,3,7,0,0.33,0.33,0
395,837,soda,1.666666667,591,19.84,5.47,4.77,6.04,0,0,0,0,0,0,0,1,4,2,4,3,0,0.5,0
343,733,refrigerator,1.655172414,586,8.37,5.76,3.25,5.82,0,1,0,0,0,0,0,1,12,5,11,1,0.2,0.4,0.2
228,495,laundry,1.643678161,587,19.06,5.15,4.5,6.09,0,0,0,0,0,0,0,1,7,2,6,0,0.5,0.5,0.5
64,128,building,1.620689655,620,99.57,5.47,3.35,6,0,1,0,0,1,0,0,1,8,2,6,1,0,1,1
311,669,picture,1.620689655,608,138.45,6.73,3.29,6.12,0,0,0,0,0,0,0,1,7,2,6,2,0,1.5,1
109,214,clothing,1.609195402,589,10.84,6.37,4.44,6.72,0,0,0,0,0,0,0,1,8,2,6,1,0.5,0.5,0.5
276,589,musician,1.597701149,579,6.04,6.79,5.52,5.7,0,0,0,1,0,1,0,1,8,3,8,1,0.33,0,0.33
249,532,magazine,1.597701149,579,33.2,6.24,4.2,7.05,0,0,0,0,0,0,0,1,8,3,7,1,0,0.33,0.33
204,436,hospital,1.597701149,573,124.2,3.52,5.07,3.93,0,1,0,0,1,0,0,1,8,3,3,1,0,0.67,0.67
351,744,robin,1.586206897,606,24.94,6.63,2.64,4.35,0,0,0,1,0,0,1,0,5,2,3,2,0,0.5,0.5
87,175,ceiling,1.574712644,591,8.35,5.39,2.75,5.16,0,0,0,0,0,0,0,1,7,2,5,1,0,0,0.5
175,360,furniture,1.574712644,587,15.08,5.79,3.05,5.43,0,0,0,0,0,0,0,1,9,3,7,0,0,0.33,0.67
310,667,piano,1.563218391,585,24.86,6.4,3.61,5.42,0,0,0,0,0,0,0,1,5,2,5,1,0,0.5,0
53,110,bracelet,1.563218391,585,7.8,6.48,3.96,5,0,0,0,0,0,0,0,1,8,2,7,1,1,1,0.5
57,116,breakfast,1.551724138,635,66.29,7.39,5,6.83,0,0,0,0,0,0,0,1,9,2,8,1,1,1.5,1
2,11,ambulance,1.551724138,586,22.41,3.71,5.33,3.29,0,0,1,0,0,0,0,1,9,3,9,1,0.33,0.67,0.67
440,925,tobacco,1.528735632,564,6.98,3.37,5,4.13,0,0,0,0,0,0,0,0,7,3,6,0,0,1,0
13,33,automobile,1.505747126,564,5.71,5.45,3.91,6,0,0,1,0,0,0,0,1,10,4,8,1,0,0.5,0.25
473,999,wheat,1.494252874,588,5.75,4.95,3.94,5.75,0,0,0,0,0,0,0,0,5,1,3,3,0,1,1
11,31,aspirin,1.482758621,573,7.75,,3.35,5.12,0,0,0,0,0,0,0,1,7,3,7,2,0.33,1,0.67
6,19,apartment,1.482758621,621,83.04,5.72,3.8,5.33,0,0,0,0,1,0,0,1,9,3,8,1,0.67,1,0.67
309,665,physician,1.459770115,567,6.14,5.24,3.96,5.23,0,0,0,1,0,1,0,1,9,3,7,1,0,0,0.33
281,600,newspaper,1.413793103,586,23.69,5.11,2.67,5.05,0,0,0,0,0,0,0,1,9,3,8,1,0,0.67,0.67
429,905,tennis,1.402298851,597,13.63,5.4,3.89,5.68,0,0,0,0,0,0,0,1,6,2,5,1,0,0.5,0.5
344,735,restaurant,1.379310345,565,46.53,6.95,4.19,5.82,0,0,0,0,0,0,0,1,10,3,9,1,0.67,0.67,0.67
159,327,fireplace,1.356321839,587,5.08,5.95,5.2,5.56,0,1,0,0,0,0,0,1,9,3,7,1,0.33,0.33,0.67